prefill_chunk,kv_prefill,n_decode,kv_decode,time_us
0,0,1,16,7.68
0,0,1,32,7.584
0,0,1,64,9.409
0,0,1,128,13.153
0,0,1,256,13.376
0,0,1,512,13.824
0,0,1,1024,14.432
0,0,1,2048,15.808
0,0,2,16,7.84
0,0,2,32,7.808
0,0,2,64,9.664
0,0,2,128,13.409
0,0,2,256,13.536
0,0,2,512,14.048
0,0,2,1024,14.688
0,0,2,2048,16.288
0,0,4,16,7.84
0,0,4,32,7.808
0,0,4,64,9.633
0,0,4,128,13.441
0,0,4,256,13.632
0,0,4,512,14.431
0,0,4,1024,15.425
0,0,4,2048,17.76
0,0,8,16,7.808
0,0,8,32,7.744
0,0,8,64,9.632
0,0,8,128,13.44
0,0,8,256,13.855
0,0,8,512,14.72
0,0,8,1024,16.576
0,0,8,2048,24
0,0,16,16,7.936
0,0,16,32,7.776
0,0,16,64,9.664
0,0,16,128,13.697
0,0,16,256,14.304
0,0,16,512,16.095
0,0,16,1024,22.464
0,0,16,2048,34.976
0,0,32,16,7.776
0,0,32,32,7.84
0,0,32,64,9.695
0,0,32,128,14.335
0,0,32,256,15.777
0,0,32,512,22.208
0,0,32,1024,33.598
0,0,32,2048,49.919
0,0,64,16,7.935
0,0,64,32,8.191
0,0,64,64,10.144
0,0,64,128,15.68
0,0,64,256,21.92
0,0,64,512,32.864
0,0,64,1024,48.895
0,0,64,2048,91.263
16,0,0,0,9.855
16,0,1,16,9.728
16,0,1,32,9.791
16,0,1,64,9.76
16,0,1,128,13.152
16,0,1,256,17.088
16,0,1,512,25.216
16,0,1,1024,41.601
16,0,1,2048,74.592
16,0,2,16,9.728
16,0,2,32,9.728
16,0,2,64,9.759
16,0,2,128,12.959
16,0,2,256,16.992
16,0,2,512,25.088
16,0,2,1024,41.567
16,0,2,2048,74.368
16,0,4,16,9.664
16,0,4,32,9.665
16,0,4,64,9.663
16,0,4,128,13.056
16,0,4,256,16.992
16,0,4,512,25.216
16,0,4,1024,41.504
16,0,4,2048,74.528
16,0,8,16,9.792
16,0,8,32,9.728
16,0,8,64,9.728
16,0,8,128,13.121
16,0,8,256,17.088
16,0,8,512,25.408
16,0,8,1024,41.824
16,0,8,2048,74.848
16,0,16,16,15.424
16,0,16,32,15.36
16,0,16,64,15.424
16,0,16,128,20.288
16,0,16,256,24.768
16,0,16,512,32.8
16,0,16,1024,49.184
16,0,16,2048,81.663
16,0,32,16,20.8
16,0,32,32,20.832
16,0,32,64,21.248
16,0,32,128,29.92
16,0,32,256,38.815
16,0,32,512,54.751
16,0,32,1024,87.68
16,0,32,2048,151.263
16,16,0,0,10.048
16,16,1,16,9.856
16,16,1,32,9.921
16,16,1,64,9.952
16,16,1,128,13.184
16,16,1,256,17.088
16,16,1,512,25.216
16,16,1,1024,41.632
16,16,1,2048,74.399
16,16,2,16,9.888
16,16,2,32,9.855
16,16,2,64,9.952
16,16,2,128,13.025
16,16,2,256,16.96
16,16,2,512,25.184
16,16,2,1024,41.536
16,16,2,2048,74.4
16,16,4,16,9.825
16,16,4,32,9.792
16,16,4,64,9.92
16,16,4,128,13.056
16,16,4,256,16.928
16,16,4,512,25.184
16,16,4,1024,41.632
16,16,4,2048,74.431
16,16,8,16,9.92
16,16,8,32,9.952
16,16,8,64,10.016
16,16,8,128,13.087
16,16,8,256,17.12
16,16,8,512,25.376
16,16,8,1024,41.825
16,16,8,2048,74.688
16,16,16,16,15.392
16,16,16,32,15.456
16,16,16,64,15.68
16,16,16,128,20.384
16,16,16,256,24.832
16,16,16,512,32.992
16,16,16,1024,49.567
16,16,16,2048,81.504
16,16,32,16,20.735
16,16,32,32,20.896
16,16,32,64,21.216
16,16,32,128,30.208
16,16,32,256,38.753
16,16,32,512,55.264
16,16,32,1024,87.007
16,16,32,2048,151.134
16,32,0,0,10.24
16,32,1,16,10.048
16,32,1,32,9.888
16,32,1,64,10.208
16,32,1,128,13.184
16,32,1,256,17.088
16,32,1,512,25.184
16,32,1,1024,41.824
16,32,1,2048,74.655
16,32,2,16,9.856
16,32,2,32,9.856
16,32,2,64,9.952
16,32,2,128,13.024
16,32,2,256,16.961
16,32,2,512,25.184
16,32,2,1024,41.536
16,32,2,2048,74.335
16,32,4,16,9.791
16,32,4,32,9.855
16,32,4,64,9.952
16,32,4,128,12.992
16,32,4,256,16.993
16,32,4,512,25.184
16,32,4,1024,41.759
16,32,4,2048,74.624
16,32,8,16,9.92
16,32,8,32,9.953
16,32,8,64,10.08
16,32,8,128,13.151
16,32,8,256,17.152
16,32,8,512,25.344
16,32,8,1024,41.92
16,32,8,2048,74.752
16,32,16,16,15.327
16,32,16,32,15.584
16,32,16,64,15.712
16,32,16,128,20.287
16,32,16,256,24.576
16,32,16,512,33.184
16,32,16,1024,49.216
16,32,16,2048,81.376
16,32,32,16,20.768
16,32,32,32,21.057
16,32,32,64,21.152
16,32,32,128,30.209
16,32,32,256,38.784
16,32,32,512,55.296
16,32,32,1024,88.128
16,32,32,2048,151.488
16,64,0,0,10.112
16,64,1,16,9.92
16,64,1,32,9.92
16,64,1,64,10.016
16,64,1,128,13.152
16,64,1,256,17.119
16,64,1,512,25.184
16,64,1,1024,41.792
16,64,1,2048,74.527
16,64,2,16,10.016
16,64,2,32,9.888
16,64,2,64,9.919
16,64,2,128,12.96
16,64,2,256,16.928
16,64,2,512,25.217
16,64,2,1024,41.535
16,64,2,2048,74.368
16,64,4,16,9.854
16,64,4,32,9.887
16,64,4,64,10.112
16,64,4,128,13.056
16,64,4,256,16.928
16,64,4,512,25.28
16,64,4,1024,41.536
16,64,4,2048,74.432
16,64,8,16,9.92
16,64,8,32,9.92
16,64,8,64,10.079
16,64,8,128,13.151
16,64,8,256,17.12
16,64,8,512,25.408
16,64,8,1024,41.888
16,64,8,2048,75.103
16,64,16,16,15.392
16,64,16,32,15.488
16,64,16,64,15.648
16,64,16,128,20.257
16,64,16,256,24.384
16,64,16,512,32.864
16,64,16,1024,48.929
16,64,16,2048,81.664
16,64,32,16,20.768
16,64,32,32,20.896
16,64,32,64,21.248
16,64,32,128,30.176
16,64,32,256,40.16
16,64,32,512,55.424
16,64,32,1024,87.68
16,64,32,2048,152.448
16,128,0,0,13.984
16,128,1,16,13.376
16,128,1,32,13.376
16,128,1,64,13.408
16,128,1,128,13.696
16,128,1,256,17.185
16,128,1,512,25.216
16,128,1,1024,41.568
16,128,1,2048,74.56
16,128,2,16,13.088
16,128,2,32,13.023
16,128,2,64,12.992
16,128,2,128,13.76
16,128,2,256,16.927
16,128,2,512,25.152
16,128,2,1024,41.503
16,128,2,2048,74.271
16,128,4,16,12.992
16,128,4,32,13.024
16,128,4,64,13.12
16,128,4,128,13.6
16,128,4,256,16.992
16,128,4,512,25.216
16,128,4,1024,41.632
16,128,4,2048,74.592
16,128,8,16,12.96
16,128,8,32,12.96
16,128,8,64,13.023
16,128,8,128,13.729
16,128,8,256,17.215
16,128,8,512,25.408
16,128,8,1024,41.919
16,128,8,2048,74.976
16,128,16,16,15.456
16,128,16,32,15.456
16,128,16,64,15.744
16,128,16,128,23.2
16,128,16,256,28.384
16,128,16,512,36.992
16,128,16,1024,53.31
16,128,16,2048,85.535
16,128,32,16,20.8
16,128,32,32,20.928
16,128,32,64,21.151
16,128,32,128,32.832
16,128,32,256,42.783
16,128,32,512,58.751
16,128,32,1024,90.239
16,128,32,2048,156.415
16,256,0,0,17.889
16,256,1,16,17.344
16,256,1,32,17.28
16,256,1,64,17.313
16,256,1,128,17.312
16,256,1,256,17.6
16,256,1,512,25.216
16,256,1,1024,41.664
16,256,1,2048,74.591
16,256,2,16,16.992
16,256,2,32,16.991
16,256,2,64,17.024
16,256,2,128,16.992
16,256,2,256,17.567
16,256,2,512,25.152
16,256,2,1024,41.536
16,256,2,2048,74.303
16,256,4,16,16.992
16,256,4,32,16.959
16,256,4,64,17.023
16,256,4,128,16.992
16,256,4,256,17.568
16,256,4,512,25.183
16,256,4,1024,41.6
16,256,4,2048,74.495
16,256,8,16,16.929
16,256,8,32,16.927
16,256,8,64,17.024
16,256,8,128,16.992
16,256,8,256,17.631
16,256,8,512,25.375
16,256,8,1024,41.856
16,256,8,2048,74.88
16,256,16,16,16.992
16,256,16,32,17.087
16,256,16,64,17.152
16,256,16,128,23.328
16,256,16,256,31.648
16,256,16,512,41.344
16,256,16,1024,56.992
16,256,16,2048,89.439
16,256,32,16,23.68
16,256,32,32,23.936
16,256,32,64,24.128
16,256,32,128,32.672
16,256,32,256,44.928
16,256,32,512,62.912
16,256,32,1024,94.912
16,256,32,2048,159.551
16,512,0,0,26.08
16,512,1,16,25.376
16,512,1,32,25.312
16,512,1,64,25.344
16,512,1,128,25.344
16,512,1,256,25.344
16,512,1,512,25.953
16,512,1,1024,41.568
16,512,1,2048,74.527
16,512,2,16,25.121
16,512,2,32,25.025
16,512,2,64,25.088
16,512,2,128,25.088
16,512,2,256,25.119
16,512,2,512,25.761
16,512,2,1024,41.535
16,512,2,2048,74.335
16,512,4,16,25.022
16,512,4,32,24.927
16,512,4,64,24.959
16,512,4,128,24.992
16,512,4,256,25.12
16,512,4,512,25.79
16,512,4,1024,41.664
16,512,4,2048,74.464
16,512,8,16,25.056
16,512,8,32,25.088
16,512,8,64,25.056
16,512,8,128,25.089
16,512,8,256,25.248
16,512,8,512,25.984
16,512,8,1024,41.888
16,512,8,2048,74.816
16,512,16,16,25.152
16,512,16,32,25.12
16,512,16,64,25.216
16,512,16,128,25.824
16,512,16,256,31.616
16,512,16,512,47.295
16,512,16,1024,65.408
16,512,16,2048,97.536
16,512,32,16,31.616
16,512,32,32,31.68
16,512,32,64,32.032
16,512,32,128,35.648
16,512,32,256,44.8
16,512,32,512,68.8
16,512,32,1024,103.232
16,512,32,2048,167.935
16,1024,0,0,42.432
16,1024,1,16,41.792
16,1024,1,32,41.662
16,1024,1,64,41.695
16,1024,1,128,41.697
16,1024,1,256,41.727
16,1024,1,512,41.76
16,1024,1,1024,42.304
16,1024,1,2048,74.528
16,1024,2,16,41.472
16,1024,2,32,41.473
16,1024,2,64,41.472
16,1024,2,128,41.535
16,1024,2,256,41.505
16,1024,2,512,41.503
16,1024,2,1024,42.112
16,1024,2,2048,74.271
16,1024,4,16,41.312
16,1024,4,32,41.312
16,1024,4,64,41.28
16,1024,4,128,41.345
16,1024,4,256,41.407
16,1024,4,512,41.408
16,1024,4,1024,42.144
16,1024,4,2048,74.464
16,1024,8,16,41.441
16,1024,8,32,41.376
16,1024,8,64,41.408
16,1024,8,128,41.663
16,1024,8,256,41.696
16,1024,8,512,41.472
16,1024,8,1024,42.432
16,1024,8,2048,74.848
16,1024,16,16,41.471
16,1024,16,32,41.504
16,1024,16,64,41.76
16,1024,16,128,41.696
16,1024,16,256,41.888
16,1024,16,512,47.488
16,1024,16,1024,79.616
16,1024,16,2048,113.407
16,1024,32,16,47.744
16,1024,32,32,47.68
16,1024,32,64,47.936
16,1024,32,128,51.712
16,1024,32,256,56
16,1024,32,512,68.672
16,1024,32,1024,117.088
16,1024,32,2048,184.288
16,2048,0,0,75.104
16,2048,1,16,74.432
16,2048,1,32,74.496
16,2048,1,64,74.56
16,2048,1,128,74.527
16,2048,1,256,74.432
16,2048,1,512,74.464
16,2048,1,1024,74.559
16,2048,1,2048,75.231
16,2048,2,16,74.24
16,2048,2,32,74.303
16,2048,2,64,74.112
16,2048,2,128,74.208
16,2048,2,256,74.304
16,2048,2,512,74.366
16,2048,2,1024,74.272
16,2048,2,2048,74.944
16,2048,4,16,74.144
16,2048,4,32,74.016
16,2048,4,64,74.24
16,2048,4,128,74.048
16,2048,4,256,74.176
16,2048,4,512,74.144
16,2048,4,1024,74.175
16,2048,4,2048,74.943
16,2048,8,16,74.112
16,2048,8,32,74.111
16,2048,8,64,74.271
16,2048,8,128,74.24
16,2048,8,256,74.464
16,2048,8,512,74.272
16,2048,8,1024,74.399
16,2048,8,2048,75.232
16,2048,16,16,74.272
16,2048,16,32,74.336
16,2048,16,64,74.336
16,2048,16,128,74.496
16,2048,16,256,75.136
16,2048,16,512,74.815
16,2048,16,1024,79.903
16,2048,16,2048,144.832
16,2048,32,16,79.841
16,2048,32,32,79.776
16,2048,32,64,80.224
16,2048,32,128,83.776
16,2048,32,256,88.128
16,2048,32,512,95.871
16,2048,32,1024,116.991
16,2048,32,2048,213.502
32,0,0,0,9.983
32,0,1,16,9.824
32,0,1,32,9.888
32,0,1,64,9.856
32,0,1,128,13.152
32,0,1,256,17.151
32,0,1,512,25.216
32,0,1,1024,41.632
32,0,1,2048,74.463
32,0,2,16,9.92
32,0,2,32,9.824
32,0,2,64,9.889
32,0,2,128,12.96
32,0,2,256,16.96
32,0,2,512,25.12
32,0,2,1024,41.472
32,0,2,2048,74.367
32,0,4,16,9.76
32,0,4,32,9.76
32,0,4,64,9.76
32,0,4,128,13.024
32,0,4,256,16.992
32,0,4,512,25.216
32,0,4,1024,41.6
32,0,4,2048,74.432
32,0,8,16,9.888
32,0,8,32,9.952
32,0,8,64,9.889
32,0,8,128,13.12
32,0,8,256,17.12
32,0,8,512,25.376
32,0,8,1024,41.888
32,0,8,2048,74.719
32,0,16,16,15.424
32,0,16,32,15.392
32,0,16,64,15.584
32,0,16,128,20.415
32,0,16,256,24.672
32,0,16,512,32.576
32,0,16,1024,49.343
32,0,16,2048,81.888
32,0,32,16,20.832
32,0,32,32,21.024
32,0,32,64,21.376
32,0,32,128,30.273
32,0,32,256,39.072
32,0,32,512,54.848
32,0,32,1024,87.936
32,0,32,2048,151.84
32,16,0,0,10.048
32,16,1,16,9.92
32,16,1,32,9.952
32,16,1,64,9.952
32,16,1,128,13.151
32,16,1,256,17.118
32,16,1,512,25.152
32,16,1,1024,41.695
32,16,1,2048,74.559
32,16,2,16,9.825
32,16,2,32,9.791
32,16,2,64,9.921
32,16,2,128,12.992
32,16,2,256,16.96
32,16,2,512,25.184
32,16,2,1024,41.536
32,16,2,2048,74.463
32,16,4,16,9.792
32,16,4,32,9.856
32,16,4,64,9.824
32,16,4,128,12.959
32,16,4,256,16.928
32,16,4,512,25.312
32,16,4,1024,41.568
32,16,4,2048,74.497
32,16,8,16,9.856
32,16,8,32,9.954
32,16,8,64,9.952
32,16,8,128,13.088
32,16,8,256,17.12
32,16,8,512,25.408
32,16,8,1024,41.92
32,16,8,2048,74.751
32,16,16,16,15.424
32,16,16,32,15.456
32,16,16,64,15.809
32,16,16,128,20.32
32,16,16,256,24.543
32,16,16,512,32.832
32,16,16,1024,48.959
32,16,16,2048,81.887
32,16,32,16,20.799
32,16,32,32,20.928
32,16,32,64,21.376
32,16,32,128,30.176
32,16,32,256,39.136
32,16,32,512,55.072
32,16,32,1024,87.103
32,16,32,2048,152.608
32,32,0,0,10.048
32,32,1,16,10.016
32,32,1,32,9.921
32,32,1,64,10.016
32,32,1,128,13.12
32,32,1,256,17.12
32,32,1,512,25.344
32,32,1,1024,41.535
32,32,1,2048,74.464
32,32,2,16,9.952
32,32,2,32,9.888
32,32,2,64,9.92
32,32,2,128,12.991
32,32,2,256,16.896
32,32,2,512,25.152
32,32,2,1024,41.6
32,32,2,2048,74.305
32,32,4,16,9.919
32,32,4,32,9.824
32,32,4,64,9.984
32,32,4,128,12.991
32,32,4,256,16.992
32,32,4,512,25.152
32,32,4,1024,41.664
32,32,4,2048,74.464
32,32,8,16,9.888
32,32,8,32,9.984
32,32,8,64,10.08
32,32,8,128,13.119
32,32,8,256,17.153
32,32,8,512,25.376
32,32,8,1024,42.016
32,32,8,2048,74.689
32,32,16,16,15.296
32,32,16,32,15.52
32,32,16,64,15.84
32,32,16,128,20.256
32,32,16,256,24.641
32,32,16,512,32.736
32,32,16,1024,49.44
32,32,16,2048,81.376
32,32,32,16,20.864
32,32,32,32,20.992
32,32,32,64,21.312
32,32,32,128,30.207
32,32,32,256,38.751
32,32,32,512,55.169
32,32,32,1024,87.265
32,32,32,2048,152.287
32,64,0,0,10.208
32,64,1,16,10.112
32,64,1,32,9.952
32,64,1,64,10.048
32,64,1,128,13.151
32,64,1,256,17.12
32,64,1,512,25.184
32,64,1,1024,41.664
32,64,1,2048,74.591
32,64,2,16,9.824
32,64,2,32,9.983
32,64,2,64,10.017
32,64,2,128,13.024
32,64,2,256,16.959
32,64,2,512,25.12
32,64,2,1024,41.536
32,64,2,2048,74.367
32,64,4,16,9.856
32,64,4,32,10.048
32,64,4,64,9.888
32,64,4,128,13.056
32,64,4,256,16.991
32,64,4,512,25.248
32,64,4,1024,41.567
32,64,4,2048,74.399
32,64,8,16,9.952
32,64,8,32,9.919
32,64,8,64,10.048
32,64,8,128,13.056
32,64,8,256,17.152
32,64,8,512,25.407
32,64,8,1024,41.887
32,64,8,2048,74.848
32,64,16,16,15.488
32,64,16,32,15.52
32,64,16,64,15.647
32,64,16,128,20.352
32,64,16,256,24.768
32,64,16,512,33.184
32,64,16,1024,49.183
32,64,16,2048,81.696
32,64,32,16,20.864
32,64,32,32,21.152
32,64,32,64,21.312
32,64,32,128,30.495
32,64,32,256,39.04
32,64,32,512,55.456
32,64,32,1024,87.263
32,64,32,2048,151.327
32,128,0,0,14.08
32,128,1,16,13.377
32,128,1,32,13.472
32,128,1,64,13.472
32,128,1,128,13.632
32,128,1,256,17.183
32,128,1,512,25.184
32,128,1,1024,41.6
32,128,1,2048,74.4
32,128,2,16,13.088
32,128,2,32,13.056
32,128,2,64,13.152
32,128,2,128,13.632
32,128,2,256,16.96
32,128,2,512,25.121
32,128,2,1024,41.535
32,128,2,2048,74.303
32,128,4,16,13.088
32,128,4,32,13.12
32,128,4,64,13.088
32,128,4,128,13.568
32,128,4,256,16.96
32,128,4,512,25.152
32,128,4,1024,41.632
32,128,4,2048,74.528
32,128,8,16,13.023
32,128,8,32,13.054
32,128,8,64,13.12
32,128,8,128,13.855
32,128,8,256,17.088
32,128,8,512,25.312
32,128,8,1024,41.856
32,128,8,2048,74.816
32,128,16,16,15.457
32,128,16,32,15.456
32,128,16,64,15.776
32,128,16,128,23.329
32,128,16,256,28.544
32,128,16,512,36.864
32,128,16,1024,53.375
32,128,16,2048,86.304
32,128,32,16,20.799
32,128,32,32,20.96
32,128,32,64,21.375
32,128,32,128,32.737
32,128,32,256,42.368
32,128,32,512,58.913
32,128,32,1024,91.135
32,128,32,2048,155.87
32,256,0,0,17.92
32,256,1,16,17.344
32,256,1,32,17.376
32,256,1,64,17.376
32,256,1,128,17.312
32,256,1,256,17.568
32,256,1,512,25.151
32,256,1,1024,41.664
32,256,1,2048,74.496
32,256,2,16,17.056
32,256,2,32,16.992
32,256,2,64,17.056
32,256,2,128,17.024
32,256,2,256,17.535
32,256,2,512,25.184
32,256,2,1024,41.536
32,256,2,2048,74.303
32,256,4,16,17.024
32,256,4,32,17.055
32,256,4,64,17.121
32,256,4,128,17.152
32,256,4,256,17.568
32,256,4,512,25.184
32,256,4,1024,41.503
32,256,4,2048,74.496
32,256,8,16,16.927
32,256,8,32,17.056
32,256,8,64,17.088
32,256,8,128,17.056
32,256,8,256,17.664
32,256,8,512,25.376
32,256,8,1024,41.886
32,256,8,2048,75.136
32,256,16,16,17.088
32,256,16,32,17.184
32,256,16,64,17.279
32,256,16,128,23.264
32,256,16,256,31.488
32,256,16,512,40.735
32,256,16,1024,57.343
32,256,16,2048,89.824
32,256,32,16,24.031
32,256,32,32,23.904
32,256,32,64,24.288
32,256,32,128,32.799
32,256,32,256,45.184
32,256,32,512,63.456
32,256,32,1024,94.4
32,256,32,2048,159.326
32,512,0,0,26.304
32,512,1,16,25.439
32,512,1,32,25.408
32,512,1,64,25.472
32,512,1,128,25.472
32,512,1,256,25.44
32,512,1,512,25.824
32,512,1,1024,41.601
32,512,1,2048,74.431
32,512,2,16,25.184
32,512,2,32,25.184
32,512,2,64,25.216
32,512,2,128,25.183
32,512,2,256,25.248
32,512,2,512,25.76
32,512,2,1024,41.567
32,512,2,2048,74.367
32,512,4,16,25.119
32,512,4,32,25.12
32,512,4,64,25.119
32,512,4,128,25.184
32,512,4,256,25.183
32,512,4,512,25.824
32,512,4,1024,41.665
32,512,4,2048,74.431
32,512,8,16,25.248
32,512,8,32,25.151
32,512,8,64,25.152
32,512,8,128,25.344
32,512,8,256,25.312
32,512,8,512,25.919
32,512,8,1024,41.951
32,512,8,2048,74.782
32,512,16,16,25.344
32,512,16,32,25.344
32,512,16,64,25.343
32,512,16,128,25.984
32,512,16,256,31.329
32,512,16,512,48.096
32,512,16,1024,66.144
32,512,16,2048,98.111
32,512,32,16,31.807
32,512,32,32,31.872
32,512,32,64,32.129
32,512,32,128,35.808
32,512,32,256,44.864
32,512,32,512,69.76
32,512,32,1024,104.255
32,512,32,2048,168.224
32,1024,0,0,42.4
32,1024,1,16,41.791
32,1024,1,32,41.76
32,1024,1,64,41.759
32,1024,1,128,41.823
32,1024,1,256,41.824
32,1024,1,512,41.856
32,1024,1,1024,42.208
32,1024,1,2048,74.495
32,1024,2,16,41.632
32,1024,2,32,41.6
32,1024,2,64,41.6
32,1024,2,128,41.568
32,1024,2,256,41.632
32,1024,2,512,41.696
32,1024,2,1024,42.176
32,1024,2,2048,74.432
32,1024,4,16,41.472
32,1024,4,32,41.503
32,1024,4,64,41.472
32,1024,4,128,41.536
32,1024,4,256,41.535
32,1024,4,512,41.663
32,1024,4,1024,42.207
32,1024,4,2048,74.494
32,1024,8,16,41.599
32,1024,8,32,41.601
32,1024,8,64,41.504
32,1024,8,128,41.919
32,1024,8,256,41.792
32,1024,8,512,41.664
32,1024,8,1024,42.559
32,1024,8,2048,75.04
32,1024,16,16,41.664
32,1024,16,32,41.759
32,1024,16,64,41.631
32,1024,16,128,42.08
32,1024,16,256,42.207
32,1024,16,512,47.393
32,1024,16,1024,79.649
32,1024,16,2048,114.432
32,1024,32,16,47.775
32,1024,32,32,47.84
32,1024,32,64,48.128
32,1024,32,128,51.968
32,1024,32,256,56.447
32,1024,32,512,69.087
32,1024,32,1024,116.575
32,1024,32,2048,183.966
32,2048,0,0,75.231
32,2048,1,16,74.464
32,2048,1,32,74.56
32,2048,1,64,74.687
32,2048,1,128,74.592
32,2048,1,256,74.559
32,2048,1,512,74.559
32,2048,1,1024,74.495
32,2048,1,2048,75.008
32,2048,2,16,74.368
32,2048,2,32,74.337
32,2048,2,64,74.336
32,2048,2,128,74.304
32,2048,2,256,74.335
32,2048,2,512,74.368
32,2048,2,1024,74.463
32,2048,2,2048,74.88
32,2048,4,16,74.111
32,2048,4,32,74.239
32,2048,4,64,74.271
32,2048,4,128,74.208
32,2048,4,256,74.431
32,2048,4,512,74.239
32,2048,4,1024,74.272
32,2048,4,2048,75.168
32,2048,8,16,74.271
32,2048,8,32,74.304
32,2048,8,64,74.335
32,2048,8,128,74.368
32,2048,8,256,74.72
32,2048,8,512,74.56
32,2048,8,1024,75.168
32,2048,8,2048,75.359
32,2048,16,16,74.528
32,2048,16,32,74.495
32,2048,16,64,74.433
32,2048,16,128,75.168
32,2048,16,256,75.327
32,2048,16,512,75.359
32,2048,16,1024,80.096
32,2048,16,2048,144.351
32,2048,32,16,79.903
32,2048,32,32,79.936
32,2048,32,64,79.999
32,2048,32,128,84.192
32,2048,32,256,88.799
32,2048,32,512,96.255
32,2048,32,1024,117.663
32,2048,32,2048,213.95
64,0,0,0,10.464
64,0,1,16,10.112
64,0,1,32,10.113
64,0,1,64,10.239
64,0,1,128,13.184
64,0,1,256,17.184
64,0,1,512,25.217
64,0,1,1024,41.632
64,0,1,2048,74.464
64,0,2,16,10.049
64,0,2,32,10.114
64,0,2,64,10.176
64,0,2,128,13.024
64,0,2,256,16.96
64,0,2,512,25.12
64,0,2,1024,41.535
64,0,2,2048,74.368
64,0,4,16,9.952
64,0,4,32,10.015
64,0,4,64,10.176
64,0,4,128,12.992
64,0,4,256,16.929
64,0,4,512,25.184
64,0,4,1024,41.567
64,0,4,2048,74.367
64,0,8,16,10.144
64,0,8,32,10.176
64,0,8,64,10.175
64,0,8,128,13.121
64,0,8,256,17.185
64,0,8,512,25.408
64,0,8,1024,42.272
64,0,8,2048,75.167
64,0,16,16,15.456
64,0,16,32,15.488
64,0,16,64,15.776
64,0,16,128,20.672
64,0,16,256,24.992
64,0,16,512,32.96
64,0,16,1024,49.312
64,0,16,2048,81.663
64,0,32,16,20.8
64,0,32,32,20.96
64,0,32,64,21.152
64,0,32,128,30.752
64,0,32,256,39.072
64,0,32,512,55.583
64,0,32,1024,87.775
64,0,32,2048,152.704
64,16,0,0,10.464
64,16,1,16,10.112
64,16,1,32,10.176
64,16,1,64,10.24
64,16,1,128,13.152
64,16,1,256,17.119
64,16,1,512,25.215
64,16,1,1024,41.664
64,16,1,2048,74.559
64,16,2,16,10.016
64,16,2,32,10.112
64,16,2,64,10.144
64,16,2,128,12.992
64,16,2,256,16.927
64,16,2,512,25.184
64,16,2,1024,41.631
64,16,2,2048,74.431
64,16,4,16,10.08
64,16,4,32,10.048
64,16,4,64,10.144
64,16,4,128,12.992
64,16,4,256,17.023
64,16,4,512,25.344
64,16,4,1024,41.662
64,16,4,2048,74.399
64,16,8,16,10.048
64,16,8,32,10.112
64,16,8,64,10.304
64,16,8,128,13.152
64,16,8,256,17.184
64,16,8,512,25.408
64,16,8,1024,41.92
64,16,8,2048,75.2
64,16,16,16,15.424
64,16,16,32,15.488
64,16,16,64,15.712
64,16,16,128,20.863
64,16,16,256,25.056
64,16,16,512,33.216
64,16,16,1024,49.279
64,16,16,2048,81.888
64,16,32,16,20.704
64,16,32,32,20.992
64,16,32,64,21.28
64,16,32,128,30.4
64,16,32,256,39.711
64,16,32,512,55.84
64,16,32,1024,88.223
64,16,32,2048,151.871
64,32,0,0,10.432
64,32,1,16,10.144
64,32,1,32,10.208
64,32,1,64,10.272
64,32,1,128,13.184
64,32,1,256,17.12
64,32,1,512,25.28
64,32,1,1024,41.664
64,32,1,2048,74.527
64,32,2,16,10.079
64,32,2,32,10.176
64,32,2,64,10.145
64,32,2,128,12.96
64,32,2,256,16.928
64,32,2,512,25.153
64,32,2,1024,41.568
64,32,2,2048,74.399
64,32,4,16,10.048
64,32,4,32,10.304
64,32,4,64,10.111
64,32,4,128,13.088
64,32,4,256,17.024
64,32,4,512,25.216
64,32,4,1024,41.632
64,32,4,2048,74.559
64,32,8,16,10.081
64,32,8,32,10.112
64,32,8,64,10.304
64,32,8,128,13.056
64,32,8,256,17.087
64,32,8,512,25.408
64,32,8,1024,41.952
64,32,8,2048,75.135
64,32,16,16,15.392
64,32,16,32,15.424
64,32,16,64,15.776
64,32,16,128,20.8
64,32,16,256,25.024
64,32,16,512,33.184
64,32,16,1024,49.247
64,32,16,2048,82.08
64,32,32,16,20.832
64,32,32,32,20.96
64,32,32,64,21.376
64,32,32,128,30.495
64,32,32,256,40.159
64,32,32,512,56.159
64,32,32,1024,88.192
64,32,32,2048,151.678
64,64,0,0,10.527
64,64,1,16,10.177
64,64,1,32,10.208
64,64,1,64,10.271
64,64,1,128,13.216
64,64,1,256,17.184
64,64,1,512,25.216
64,64,1,1024,41.695
64,64,1,2048,74.463
64,64,2,16,10.144
64,64,2,32,10.176
64,64,2,64,10.144
64,64,2,128,12.991
64,64,2,256,16.929
64,64,2,512,25.215
64,64,2,1024,41.568
64,64,2,2048,74.335
64,64,4,16,10.048
64,64,4,32,10.08
64,64,4,64,10.144
64,64,4,128,13.088
64,64,4,256,16.992
64,64,4,512,25.216
64,64,4,1024,41.599
64,64,4,2048,74.4
64,64,8,16,10.08
64,64,8,32,10.144
64,64,8,64,10.209
64,64,8,128,13.119
64,64,8,256,17.056
64,64,8,512,25.408
64,64,8,1024,41.857
64,64,8,2048,75.072
64,64,16,16,15.328
64,64,16,32,15.551
64,64,16,64,15.712
64,64,16,128,20.736
64,64,16,256,25.311
64,64,16,512,33.152
64,64,16,1024,49.6
64,64,16,2048,82.463
64,64,32,16,20.896
64,64,32,32,20.993
64,64,32,64,21.28
64,64,32,128,30.432
64,64,32,256,40.256
64,64,32,512,56.224
64,64,32,1024,86.88
64,64,32,2048,153.375
64,128,0,0,14.4
64,128,1,16,13.728
64,128,1,32,13.792
64,128,1,64,13.791
64,128,1,128,13.824
64,128,1,256,17.184
64,128,1,512,25.216
64,128,1,1024,41.662
64,128,1,2048,74.494
64,128,2,16,13.408
64,128,2,32,13.375
64,128,2,64,13.408
64,128,2,128,13.856
64,128,2,256,16.992
64,128,2,512,25.183
64,128,2,1024,41.6
64,128,2,2048,74.272
64,128,4,16,13.44
64,128,4,32,13.376
64,128,4,64,13.408
64,128,4,128,13.792
64,128,4,256,16.992
64,128,4,512,25.216
64,128,4,1024,41.664
64,128,4,2048,74.399
64,128,8,16,13.312
64,128,8,32,13.28
64,128,8,64,13.312
64,128,8,128,13.888
64,128,8,256,17.152
64,128,8,512,25.407
64,128,8,1024,41.887
64,128,8,2048,75.167
64,128,16,16,15.52
64,128,16,32,15.552
64,128,16,64,15.808
64,128,16,128,23.264
64,128,16,256,29.12
64,128,16,512,37.311
64,128,16,1024,53.504
64,128,16,2048,85.695
64,128,32,16,20.767
64,128,32,32,20.927
64,128,32,64,21.247
64,128,32,128,32.768
64,128,32,256,43.168
64,128,32,512,59.552
64,128,32,1024,91.2
64,128,32,2048,156.415
64,256,0,0,18.208
64,256,1,16,17.665
64,256,1,32,17.696
64,256,1,64,17.663
64,256,1,128,17.632
64,256,1,256,17.696
64,256,1,512,25.28
64,256,1,1024,41.825
64,256,1,2048,74.432
64,256,2,16,17.408
64,256,2,32,17.472
64,256,2,64,17.344
64,256,2,128,17.408
64,256,2,256,17.759
64,256,2,512,25.151
64,256,2,1024,41.568
64,256,2,2048,74.335
64,256,4,16,17.344
64,256,4,32,17.375
64,256,4,64,17.408
64,256,4,128,17.471
64,256,4,256,17.696
64,256,4,512,25.247
64,256,4,1024,41.632
64,256,4,2048,74.399
64,256,8,16,17.344
64,256,8,32,17.312
64,256,8,64,17.344
64,256,8,128,17.408
64,256,8,256,17.728
64,256,8,512,25.376
64,256,8,1024,41.888
64,256,8,2048,74.976
64,256,16,16,17.44
64,256,16,32,17.407
64,256,16,64,17.504
64,256,16,128,23.296
64,256,16,256,31.551
64,256,16,512,41.312
64,256,16,1024,57.695
64,256,16,2048,89.537
64,256,32,16,23.968
64,256,32,32,24.224
64,256,32,64,24.511
64,256,32,128,33.024
64,256,32,256,45.6
64,256,32,512,63.36
64,256,32,1024,96.095
64,256,32,2048,159.807
64,512,0,0,26.496
64,512,1,16,25.695
64,512,1,32,25.728
64,512,1,64,25.728
64,512,1,128,25.728
64,512,1,256,25.728
64,512,1,512,26.015
64,512,1,1024,41.632
64,512,1,2048,74.623
64,512,2,16,25.504
64,512,2,32,25.535
64,512,2,64,25.599
64,512,2,128,25.472
64,512,2,256,25.504
64,512,2,512,25.984
64,512,2,1024,41.568
64,512,2,2048,74.432
64,512,4,16,25.44
64,512,4,32,25.439
64,512,4,64,25.44
64,512,4,128,25.44
64,512,4,256,25.472
64,512,4,512,26.08
64,512,4,1024,41.663
64,512,4,2048,74.401
64,512,8,16,25.472
64,512,8,32,25.504
64,512,8,64,25.504
64,512,8,128,25.631
64,512,8,256,25.792
64,512,8,512,26.08
64,512,8,1024,42.272
64,512,8,2048,75.168
64,512,16,16,25.6
64,512,16,32,25.696
64,512,16,64,25.697
64,512,16,128,26.272
64,512,16,256,31.487
64,512,16,512,47.904
64,512,16,1024,66.24
64,512,16,2048,98.591
64,512,32,16,32.096
64,512,32,32,32.128
64,512,32,64,32.32
64,512,32,128,36.513
64,512,32,256,45.28
64,512,32,512,68.929
64,512,32,1024,103.295
64,512,32,2048,168.8
64,1024,0,0,42.943
64,1024,1,16,42.144
64,1024,1,32,42.08
64,1024,1,64,42.176
64,1024,1,128,42.08
64,1024,1,256,42.176
64,1024,1,512,42.144
64,1024,1,1024,42.497
64,1024,1,2048,74.496
64,1024,2,16,41.92
64,1024,2,32,41.888
64,1024,2,64,41.856
64,1024,2,128,41.856
64,1024,2,256,41.951
64,1024,2,512,41.92
64,1024,2,1024,42.336
64,1024,2,2048,74.27
64,1024,4,16,41.792
64,1024,4,32,41.856
64,1024,4,64,41.854
64,1024,4,128,41.822
64,1024,4,256,41.887
64,1024,4,512,41.951
64,1024,4,1024,42.528
64,1024,4,2048,74.336
64,1024,8,16,41.92
64,1024,8,32,41.791
64,1024,8,64,41.92
64,1024,8,128,41.951
64,1024,8,256,42.08
64,1024,8,512,42.24
64,1024,8,1024,42.591
64,1024,8,2048,75.039
64,1024,16,16,41.951
64,1024,16,32,41.984
64,1024,16,64,42.144
64,1024,16,128,42.496
64,1024,16,256,42.591
64,1024,16,512,47.424
64,1024,16,1024,79.552
64,1024,16,2048,115.552
64,1024,32,16,48.256
64,1024,32,32,48.192
64,1024,32,64,48.416
64,1024,32,128,52.256
64,1024,32,256,56.959
64,1024,32,512,69.054
64,1024,32,1024,117.471
64,1024,32,2048,185.407
64,2048,0,0,75.775
64,2048,1,16,74.879
64,2048,1,32,74.849
64,2048,1,64,75.007
64,2048,1,128,74.976
64,2048,1,256,74.783
64,2048,1,512,74.944
64,2048,1,1024,75.009
64,2048,1,2048,75.296
64,2048,2,16,74.752
64,2048,2,32,74.784
64,2048,2,64,74.592
64,2048,2,128,74.655
64,2048,2,256,74.783
64,2048,2,512,74.688
64,2048,2,1024,74.783
64,2048,2,2048,75.391
64,2048,4,16,74.687
64,2048,4,32,74.655
64,2048,4,64,74.432
64,2048,4,128,74.688
64,2048,4,256,74.848
64,2048,4,512,74.784
64,2048,4,1024,74.911
64,2048,4,2048,75.36
64,2048,8,16,74.848
64,2048,8,32,74.623
64,2048,8,64,74.591
64,2048,8,128,74.816
64,2048,8,256,74.847
64,2048,8,512,75.199
64,2048,8,1024,75.2
64,2048,8,2048,75.584
64,2048,16,16,74.943
64,2048,16,32,74.943
64,2048,16,64,74.783
64,2048,16,128,75.168
64,2048,16,256,75.361
64,2048,16,512,75.808
64,2048,16,1024,80.032
64,2048,16,2048,145.599
64,2048,32,16,80.063
64,2048,32,32,80.32
64,2048,32,64,80.32
64,2048,32,128,84.415
64,2048,32,256,88.799
64,2048,32,512,97.151
64,2048,32,1024,117.216
64,2048,32,2048,213.439
128,0,0,0,10.465
128,0,1,16,10.048
128,0,1,32,10.08
128,0,1,64,10.176
128,0,1,128,12.96
128,0,1,256,16.896
128,0,1,512,25.023
128,0,1,1024,41.342
128,0,1,2048,74.208
128,0,2,16,10.048
128,0,2,32,10.174
128,0,2,64,10.272
128,0,2,128,13.024
128,0,2,256,16.96
128,0,2,512,25.248
128,0,2,1024,41.632
128,0,2,2048,74.529
128,0,4,16,10.112
128,0,4,32,10.08
128,0,4,64,10.113
128,0,4,128,13.024
128,0,4,256,17.216
128,0,4,512,25.217
128,0,4,1024,41.568
128,0,4,2048,74.367
128,0,8,16,10.208
128,0,8,32,10.206
128,0,8,64,10.272
128,0,8,128,13.345
128,0,8,256,17.408
128,0,8,512,25.664
128,0,8,1024,42.655
128,0,8,2048,75.167
128,0,16,16,15.52
128,0,16,32,15.617
128,0,16,64,15.872
128,0,16,128,22.112
128,0,16,256,26.624
128,0,16,512,34.784
128,0,16,1024,51.168
128,0,16,2048,83.904
128,0,32,16,20.991
128,0,32,32,21.088
128,0,32,64,21.471
128,0,32,128,31.743
128,0,32,256,41.057
128,0,32,512,57.055
128,0,32,1024,89.471
128,0,32,2048,153.535
128,16,0,0,13.567
128,16,1,16,13.279
128,16,1,32,13.312
128,16,1,64,13.344
128,16,1,128,13.28
128,16,1,256,16.896
128,16,1,512,24.895
128,16,1,1024,41.376
128,16,1,2048,74.08
128,16,2,16,13.344
128,16,2,32,13.312
128,16,2,64,13.312
128,16,2,128,13.28
128,16,2,256,16.96
128,16,2,512,25.247
128,16,2,1024,41.632
128,16,2,2048,74.463
128,16,4,16,13.376
128,16,4,32,13.344
128,16,4,64,13.376
128,16,4,128,13.409
128,16,4,256,17.056
128,16,4,512,25.345
128,16,4,1024,41.76
128,16,4,2048,74.367
128,16,8,16,13.344
128,16,8,32,13.28
128,16,8,64,13.343
128,16,8,128,13.375
128,16,8,256,17.407
128,16,8,512,25.855
128,16,8,1024,42.048
128,16,8,2048,75.328
128,16,16,16,15.649
128,16,16,32,15.776
128,16,16,64,15.808
128,16,16,128,22.368
128,16,16,256,29.823
128,16,16,512,37.535
128,16,16,1024,54.432
128,16,16,2048,85.726
128,16,32,16,21.12
128,16,32,32,21.087
128,16,32,64,21.505
128,16,32,128,32.192
128,16,32,256,43.519
128,16,32,512,60.032
128,16,32,1024,92.223
128,16,32,2048,156.831
128,32,0,0,13.664
128,32,1,16,13.376
128,32,1,32,13.344
128,32,1,64,13.344
128,32,1,128,13.312
128,32,1,256,16.896
128,32,1,512,24.896
128,32,1,1024,41.343
128,32,1,2048,74.049
128,32,2,16,13.344
128,32,2,32,13.343
128,32,2,64,13.312
128,32,2,128,13.345
128,32,2,256,16.96
128,32,2,512,25.28
128,32,2,1024,41.632
128,32,2,2048,74.496
128,32,4,16,13.407
128,32,4,32,13.376
128,32,4,64,13.504
128,32,4,128,13.504
128,32,4,256,17.12
128,32,4,512,25.216
128,32,4,1024,41.632
128,32,4,2048,74.625
128,32,8,16,13.376
128,32,8,32,13.344
128,32,8,64,13.504
128,32,8,128,13.536
128,32,8,256,17.374
128,32,8,512,25.6
128,32,8,1024,42.08
128,32,8,2048,75.071
128,32,16,16,15.744
128,32,16,32,15.744
128,32,16,64,15.904
128,32,16,128,22.24
128,32,16,256,29.312
128,32,16,512,39.359
128,32,16,1024,54.176
128,32,16,2048,87.839
128,32,32,16,21.183
128,32,32,32,21.504
128,32,32,64,21.697
128,32,32,128,32.063
128,32,32,256,42.752
128,32,32,512,60.798
128,32,32,1024,91.36
128,32,32,2048,157.374
128,64,0,0,13.728
128,64,1,16,13.44
128,64,1,32,13.504
128,64,1,64,13.472
128,64,1,128,13.473
128,64,1,256,16.896
128,64,1,512,24.959
128,64,1,1024,41.342
128,64,1,2048,74.207
128,64,2,16,13.44
128,64,2,32,13.439
128,64,2,64,13.44
128,64,2,128,13.471
128,64,2,256,16.992
128,64,2,512,25.28
128,64,2,1024,41.6
128,64,2,2048,74.433
128,64,4,16,13.44
128,64,4,32,13.474
128,64,4,64,13.44
128,64,4,128,13.441
128,64,4,256,17.12
128,64,4,512,25.248
128,64,4,1024,41.599
128,64,4,2048,74.464
128,64,8,16,13.472
128,64,8,32,13.471
128,64,8,64,13.504
128,64,8,128,13.633
128,64,8,256,17.504
128,64,8,512,25.791
128,64,8,1024,42.081
128,64,8,2048,75.103
128,64,16,16,15.873
128,64,16,32,15.808
128,64,16,64,15.903
128,64,16,128,22.304
128,64,16,256,29.6
128,64,16,512,39.231
128,64,16,1024,53.887
128,64,16,2048,86.559
128,64,32,16,21.248
128,64,32,32,21.248
128,64,32,64,21.759
128,64,32,128,32.095
128,64,32,256,43.583
128,64,32,512,60.033
128,64,32,1024,92.32
128,64,32,2048,157.216
128,128,0,0,14.527
128,128,1,16,13.728
128,128,1,32,13.696
128,128,1,64,13.695
128,128,1,128,13.856
128,128,1,256,17.055
128,128,1,512,25.056
128,128,1,1024,41.343
128,128,1,2048,74.047
128,128,2,16,13.6
128,128,2,32,13.664
128,128,2,64,13.631
128,128,2,128,13.92
128,128,2,256,16.992
128,128,2,512,25.248
128,128,2,1024,41.664
128,128,2,2048,74.401
128,128,4,16,13.6
128,128,4,32,13.6
128,128,4,64,13.632
128,128,4,128,13.856
128,128,4,256,17.119
128,128,4,512,25.248
128,128,4,1024,41.632
128,128,4,2048,74.592
128,128,8,16,13.631
128,128,8,32,13.663
128,128,8,64,13.665
128,128,8,128,13.984
128,128,8,256,17.441
128,128,8,512,25.823
128,128,8,1024,42.176
128,128,8,2048,75.296
128,128,16,16,16
128,128,16,32,15.808
128,128,16,64,16.192
128,128,16,128,23.52
128,128,16,256,30.336
128,128,16,512,39.583
128,128,16,1024,55.456
128,128,16,2048,88.16
128,128,32,16,21.6
128,128,32,32,22.016
128,128,32,64,22.08
128,128,32,128,33.12
128,128,32,256,43.904
128,128,32,512,61.119
128,128,32,1024,92.479
128,128,32,2048,158.686
128,256,0,0,18.272
128,256,1,16,17.697
128,256,1,32,17.632
128,256,1,64,17.632
128,256,1,128,17.632
128,256,1,256,17.696
128,256,1,512,25.056
128,256,1,1024,41.344
128,256,1,2048,74.144
128,256,2,16,17.696
128,256,2,32,17.632
128,256,2,64,17.631
128,256,2,128,17.665
128,256,2,256,17.919
128,256,2,512,25.279
128,256,2,1024,41.728
128,256,2,2048,74.559
128,256,4,16,17.535
128,256,4,32,17.568
128,256,4,64,17.567
128,256,4,128,17.599
128,256,4,256,17.728
128,256,4,512,25.313
128,256,4,1024,41.728
128,256,4,2048,74.623
128,256,8,16,17.696
128,256,8,32,17.664
128,256,8,64,17.632
128,256,8,128,17.6
128,256,8,256,17.92
128,256,8,512,25.792
128,256,8,1024,42.462
128,256,8,2048,75.168
128,256,16,16,20.033
128,256,16,32,20.032
128,256,16,64,20.031
128,256,16,128,23.68
128,256,16,256,31.584
128,256,16,512,43.168
128,256,16,1024,59.36
128,256,16,2048,91.456
128,256,32,16,25.792
128,256,32,32,25.631
128,256,32,64,25.985
128,256,32,128,32.928
128,256,32,256,45.343
128,256,32,512,65.248
128,256,32,1024,96.127
128,256,32,2048,162.528
128,512,0,0,26.593
128,512,1,16,25.856
128,512,1,32,25.856
128,512,1,64,25.824
128,512,1,128,25.792
128,512,1,256,25.888
128,512,1,512,25.952
128,512,1,1024,41.377
128,512,1,2048,74.207
128,512,2,16,25.664
128,512,2,32,25.696
128,512,2,64,25.664
128,512,2,128,25.696
128,512,2,256,25.695
128,512,2,512,26.111
128,512,2,1024,41.632
128,512,2,2048,74.464
128,512,4,16,25.728
128,512,4,32,25.76
128,512,4,64,25.728
128,512,4,128,25.663
128,512,4,256,25.727
128,512,4,512,26.111
128,512,4,1024,41.632
128,512,4,2048,74.495
128,512,8,16,25.792
128,512,8,32,25.696
128,512,8,64,25.791
128,512,8,128,25.792
128,512,8,256,25.888
128,512,8,512,26.207
128,512,8,1024,42.336
128,512,8,2048,74.846
128,512,16,16,28
128,512,16,32,27.936
128,512,16,64,27.776
128,512,16,128,27.904
128,512,16,256,31.584
128,512,16,512,47.68
128,512,16,1024,67.775
128,512,16,2048,99.904
128,512,32,16,33.792
128,512,32,32,33.728
128,512,32,64,34.016
128,512,32,128,37.632
128,512,32,256,45.472
128,512,32,512,69.792
128,512,32,1024,104.991
128,512,32,2048,170.367
128,1024,0,0,43.008
128,1024,1,16,42.208
128,1024,1,32,42.209
128,1024,1,64,42.239
128,1024,1,128,42.239
128,1024,1,256,42.24
128,1024,1,512,42.272
128,1024,1,1024,42.4
128,1024,1,2048,74.175
128,1024,2,16,41.984
128,1024,2,32,41.984
128,1024,2,64,42.048
128,1024,2,128,42.049
128,1024,2,256,41.983
128,1024,2,512,42.048
128,1024,2,1024,42.432
128,1024,2,2048,74.528
128,1024,4,16,42.048
128,1024,4,32,42.048
128,1024,4,64,42.047
128,1024,4,128,42.177
128,1024,4,256,42.143
128,1024,4,512,42.176
128,1024,4,1024,42.432
128,1024,4,2048,74.624
128,1024,8,16,42.112
128,1024,8,32,42.143
128,1024,8,64,42.144
128,1024,8,128,42.176
128,1024,8,256,42.208
128,1024,8,512,42.496
128,1024,8,1024,42.751
128,1024,8,2048,75.648
128,1024,16,16,44.192
128,1024,16,32,44
128,1024,16,64,44.32
128,1024,16,128,43.84
128,1024,16,256,44.095
128,1024,16,512,48.062
128,1024,16,1024,80.416
128,1024,16,2048,116.574
128,1024,32,16,49.695
128,1024,32,32,49.729
128,1024,32,64,49.952
128,1024,32,128,53.728
128,1024,32,256,57.825
128,1024,32,512,70.4
128,1024,32,1024,118.303
128,1024,32,2048,186.013
128,2048,0,0,75.713
128,2048,1,16,74.944
128,2048,1,32,74.816
128,2048,1,64,74.847
128,2048,1,128,74.784
128,2048,1,256,74.879
128,2048,1,512,74.943
128,2048,1,1024,74.911
128,2048,1,2048,75.136
128,2048,2,16,74.622
128,2048,2,32,74.784
128,2048,2,64,74.848
128,2048,2,128,74.784
128,2048,2,256,74.72
128,2048,2,512,74.785
128,2048,2,1024,74.72
128,2048,2,2048,75.423
128,2048,4,16,74.912
128,2048,4,32,74.944
128,2048,4,64,74.943
128,2048,4,128,74.847
128,2048,4,256,74.848
128,2048,4,512,74.943
128,2048,4,1024,74.942
128,2048,4,2048,75.232
128,2048,8,16,74.783
128,2048,8,32,74.88
128,2048,8,64,74.975
128,2048,8,128,74.975
128,2048,8,256,75.007
128,2048,8,512,75.136
128,2048,8,1024,75.455
128,2048,8,2048,75.615
128,2048,16,16,76
128,2048,16,32,75.903
128,2048,16,64,76.544
128,2048,16,128,75.839
128,2048,16,256,76.288
128,2048,16,512,76.544
128,2048,16,1024,80.255
128,2048,16,2048,144.799
128,2048,32,16,81.537
128,2048,32,32,81.792
128,2048,32,64,82.08
128,2048,32,128,85.728
128,2048,32,256,89.631
128,2048,32,512,98.911
128,2048,32,1024,118.752
128,2048,32,2048,215.005
256,0,0,0,13.76
256,0,1,16,13.791
256,0,1,32,13.825
256,0,1,64,13.761
256,0,1,128,13.792
256,0,1,256,17.184
256,0,1,512,25.248
256,0,1,1024,41.536
256,0,1,2048,74.335
256,0,2,16,13.887
256,0,2,32,13.887
256,0,2,64,13.887
256,0,2,128,13.888
256,0,2,256,17.248
256,0,2,512,25.248
256,0,2,1024,41.567
256,0,2,2048,74.464
256,0,4,16,14.111
256,0,4,32,14.112
256,0,4,64,14.112
256,0,4,128,14.015
256,0,4,256,17.505
256,0,4,512,25.792
256,0,4,1024,42.112
256,0,4,2048,74.848
256,0,8,16,14.592
256,0,8,32,14.591
256,0,8,64,14.656
256,0,8,128,14.623
256,0,8,256,18.368
256,0,8,512,26.4
256,0,8,1024,42.687
256,0,8,2048,75.615
256,0,16,16,20.352
256,0,16,32,20.352
256,0,16,64,20.48
256,0,16,128,23.136
256,0,16,256,30.912
256,0,16,512,46.848
256,0,16,1024,64.736
256,0,16,2048,96.416
256,0,32,16,25.632
256,0,32,32,26.016
256,0,32,64,26.048
256,0,32,128,33.503
256,0,32,256,45.567
256,0,32,512,65.087
256,0,32,1024,98.176
256,0,32,2048,163.582
256,16,0,0,17.473
256,16,1,16,17.536
256,16,1,32,17.536
256,16,1,64,17.536
256,16,1,128,17.568
256,16,1,256,17.535
256,16,1,512,25.278
256,16,1,1024,41.728
256,16,1,2048,74.464
256,16,2,16,17.6
256,16,2,32,17.631
256,16,2,64,17.568
256,16,2,128,17.631
256,16,2,256,17.6
256,16,2,512,25.28
256,16,2,1024,41.696
256,16,2,2048,74.463
256,16,4,16,17.76
256,16,4,32,17.664
256,16,4,64,17.759
256,16,4,128,17.793
256,16,4,256,17.856
256,16,4,512,25.824
256,16,4,1024,42.335
256,16,4,2048,74.911
256,16,8,16,18.272
256,16,8,32,18.175
256,16,8,64,18.336
256,16,8,128,18.239
256,16,8,256,18.335
256,16,8,512,26.336
256,16,8,1024,42.592
256,16,8,2048,75.263
256,16,16,16,23.935
256,16,16,32,23.934
256,16,16,64,24.129
256,16,16,128,27.392
256,16,16,256,31.2
256,16,16,512,47.039
256,16,16,1024,68.16
256,16,16,2048,99.808
256,16,32,16,30.112
256,16,32,32,29.535
256,16,32,64,29.887
256,16,32,128,33.952
256,16,32,256,45.471
256,16,32,512,68.576
256,16,32,1024,101.28
256,16,32,2048,165.696
256,32,0,0,17.439
256,32,1,16,17.568
256,32,1,32,17.6
256,32,1,64,17.537
256,32,1,128,17.566
256,32,1,256,17.504
256,32,1,512,25.184
256,32,1,1024,41.536
256,32,1,2048,74.303
256,32,2,16,17.601
256,32,2,32,17.631
256,32,2,64,17.6
256,32,2,128,17.663
256,32,2,256,17.567
256,32,2,512,25.343
256,32,2,1024,41.631
256,32,2,2048,74.464
256,32,4,16,17.727
256,32,4,32,17.696
256,32,4,64,17.791
256,32,4,128,17.951
256,32,4,256,18.208
256,32,4,512,25.856
256,32,4,1024,41.823
256,32,4,2048,74.911
256,32,8,16,18.304
256,32,8,32,18.272
256,32,8,64,18.272
256,32,8,128,18.304
256,32,8,256,18.304
256,32,8,512,26.4
256,32,8,1024,42.624
256,32,8,2048,75.615
256,32,16,16,24.16
256,32,16,32,23.935
256,32,16,64,24.224
256,32,16,128,27.168
256,32,16,256,31.008
256,32,16,512,47.008
256,32,16,1024,68.159
256,32,16,2048,100.063
256,32,32,16,29.92
256,32,32,32,29.855
256,32,32,64,29.984
256,32,32,128,34.4
256,32,32,256,45.441
256,32,32,512,68.512
256,32,32,1024,101.343
256,32,32,2048,164.543
256,64,0,0,17.504
256,64,1,16,17.568
256,64,1,32,17.504
256,64,1,64,17.568
256,64,1,128,17.568
256,64,1,256,17.504
256,64,1,512,25.215
256,64,1,1024,41.536
256,64,1,2048,74.462
256,64,2,16,17.664
256,64,2,32,17.632
256,64,2,64,17.664
256,64,2,128,17.664
256,64,2,256,17.632
256,64,2,512,25.183
256,64,2,1024,41.664
256,64,2,2048,74.527
256,64,4,16,17.792
256,64,4,32,17.984
256,64,4,64,17.792
256,64,4,128,17.92
256,64,4,256,17.952
256,64,4,512,25.76
256,64,4,1024,41.824
256,64,4,2048,74.591
256,64,8,16,18.496
256,64,8,32,18.464
256,64,8,64,18.688
256,64,8,128,18.304
256,64,8,256,18.368
256,64,8,512,26.304
256,64,8,1024,42.624
256,64,8,2048,75.456
256,64,16,16,23.968
256,64,16,32,24
256,64,16,64,24.128
256,64,16,128,27.231
256,64,16,256,30.88
256,64,16,512,47.231
256,64,16,1024,68.223
256,64,16,2048,100.671
256,64,32,16,29.568
256,64,32,32,29.984
256,64,32,64,29.855
256,64,32,128,34.431
256,64,32,256,45.92
256,64,32,512,69.056
256,64,32,1024,100.896
256,64,32,2048,166.239
256,128,0,0,17.76
256,128,1,16,17.759
256,128,1,32,17.791
256,128,1,64,17.824
256,128,1,128,17.793
256,128,1,256,17.696
256,128,1,512,25.247
256,128,1,1024,41.537
256,128,1,2048,74.432
256,128,2,16,17.792
256,128,2,32,17.951
256,128,2,64,17.92
256,128,2,128,17.856
256,128,2,256,17.824
256,128,2,512,25.376
256,128,2,1024,41.761
256,128,2,2048,74.367
256,128,4,16,18.017
256,128,4,32,18.016
256,128,4,64,18.144
256,128,4,128,18.207
256,128,4,256,18.144
256,128,4,512,25.888
256,128,4,1024,41.951
256,128,4,2048,74.88
256,128,8,16,18.56
256,128,8,32,18.784
256,128,8,64,18.687
256,128,8,128,18.56
256,128,8,256,18.527
256,128,8,512,26.465
256,128,8,1024,42.656
256,128,8,2048,75.232
256,128,16,16,24.16
256,128,16,32,24.288
256,128,16,64,24.352
256,128,16,128,28.224
256,128,16,256,31.455
256,128,16,512,47.072
256,128,16,1024,72.064
256,128,16,2048,103.743
256,128,32,16,30.079
256,128,32,32,30.208
256,128,32,64,30.464
256,128,32,128,35.232
256,128,32,256,45.663
256,128,32,512,69.759
256,128,32,1024,102.079
256,128,32,2048,166.688
256,256,0,0,21.664
256,256,1,16,21.664
256,256,1,32,21.664
256,256,1,64,21.728
256,256,1,128,21.696
256,256,1,256,21.728
256,256,1,512,25.248
256,256,1,1024,41.568
256,256,1,2048,74.464
256,256,2,16,21.984
256,256,2,32,22.015
256,256,2,64,22.016
256,256,2,128,22.015
256,256,2,256,22.048
256,256,2,512,25.311
256,256,2,1024,41.728
256,256,2,2048,74.495
256,256,4,16,22.591
256,256,4,32,22.239
256,256,4,64,22.207
256,256,4,128,22.112
256,256,4,256,22.175
256,256,4,512,25.856
256,256,4,1024,42.175
256,256,4,2048,75.167
256,256,8,16,22.434
256,256,8,32,22.688
256,256,8,64,22.368
256,256,8,128,22.624
256,256,8,256,22.592
256,256,8,512,26.592
256,256,8,1024,42.911
256,256,8,2048,75.68
256,256,16,16,28.128
256,256,16,32,28.384
256,256,16,64,28.416
256,256,16,128,32.352
256,256,16,256,36.319
256,256,16,512,47.232
256,256,16,1024,79.2
256,256,16,2048,111.775
256,256,32,16,34.272
256,256,32,32,34.464
256,256,32,64,34.816
256,256,32,128,41.632
256,256,32,256,47.008
256,256,32,512,69.696
256,256,32,1024,106.111
256,256,32,2048,171.104
256,512,0,0,29.728
256,512,1,16,29.664
256,512,1,32,29.663
256,512,1,64,29.664
256,512,1,128,29.728
256,512,1,256,29.694
256,512,1,512,29.728
256,512,1,1024,41.6
256,512,1,2048,74.4
256,512,2,16,29.824
256,512,2,32,29.824
256,512,2,64,29.855
256,512,2,128,29.824
256,512,2,256,29.792
256,512,2,512,29.888
256,512,2,1024,41.822
256,512,2,2048,74.495
256,512,4,16,30.048
256,512,4,32,30.369
256,512,4,64,30.241
256,512,4,128,30.048
256,512,4,256,30.112
256,512,4,512,30.528
256,512,4,1024,42.304
256,512,4,2048,74.816
256,512,8,16,30.337
256,512,8,32,30.496
256,512,8,64,30.463
256,512,8,128,30.558
256,512,8,256,30.816
256,512,8,512,30.688
256,512,8,1024,42.784
256,512,8,2048,75.742
256,512,16,16,36.32
256,512,16,32,36.385
256,512,16,64,36.288
256,512,16,128,40.352
256,512,16,256,44.512
256,512,16,512,53.055
256,512,16,1024,79.967
256,512,16,2048,127.103
256,512,32,16,42.368
256,512,32,32,42.335
256,512,32,64,42.752
256,512,32,128,50.687
256,512,32,256,58.336
256,512,32,512,71.488
256,512,32,1024,114.72
256,512,32,2048,178.462
256,1024,0,0,45.76
256,1024,1,16,45.633
256,1024,1,32,45.632
256,1024,1,64,45.696
256,1024,1,128,45.6
256,1024,1,256,45.728
256,1024,1,512,45.792
256,1024,1,1024,45.823
256,1024,1,2048,74.494
256,1024,2,16,45.887
256,1024,2,32,45.856
256,1024,2,64,45.887
256,1024,2,128,45.824
256,1024,2,256,45.888
256,1024,2,512,46.015
256,1024,2,1024,46.144
256,1024,2,2048,74.559
256,1024,4,16,45.983
256,1024,4,32,46.271
256,1024,4,64,46.143
256,1024,4,128,45.951
256,1024,4,256,46.208
256,1024,4,512,46.08
256,1024,4,1024,46.816
256,1024,4,2048,74.72
256,1024,8,16,47.039
256,1024,8,32,46.911
256,1024,8,64,46.912
256,1024,8,128,46.944
256,1024,8,256,46.846
256,1024,8,512,47.136
256,1024,8,1024,47.104
256,1024,8,2048,75.904
256,1024,16,16,52.192
256,1024,16,32,52.096
256,1024,16,64,52.319
256,1024,16,128,56.223
256,1024,16,256,60.64
256,1024,16,512,68.831
256,1024,16,1024,85.311
256,1024,16,2048,145.279
256,1024,32,16,58.463
256,1024,32,32,58.56
256,1024,32,64,58.464
256,1024,32,128,66.623
256,1024,32,256,74.911
256,1024,32,512,90.784
256,1024,32,1024,119.551
256,1024,32,2048,194.719
256,2048,0,0,77.822
256,2048,1,16,77.695
256,2048,1,32,77.632
256,2048,1,64,77.631
256,2048,1,128,77.695
256,2048,1,256,77.694
256,2048,1,512,77.759
256,2048,1,1024,77.631
256,2048,1,2048,77.791
256,2048,2,16,77.792
256,2048,2,32,77.952
256,2048,2,64,77.888
256,2048,2,128,77.92
256,2048,2,256,78.08
256,2048,2,512,77.888
256,2048,2,1024,78.047
256,2048,2,2048,78.08
256,2048,4,16,77.951
256,2048,4,32,78.272
256,2048,4,64,78.111
256,2048,4,128,78.112
256,2048,4,256,78.111
256,2048,4,512,78.047
256,2048,4,1024,78.303
256,2048,4,2048,79.295
256,2048,8,16,79.134
256,2048,8,32,78.592
256,2048,8,64,78.623
256,2048,8,128,78.367
256,2048,8,256,78.4
256,2048,8,512,78.879
256,2048,8,1024,78.911
256,2048,8,2048,79.775
256,2048,16,16,84.351
256,2048,16,32,84.096
256,2048,16,64,84.383
256,2048,16,128,88.031
256,2048,16,256,92.319
256,2048,16,512,101.247
256,2048,16,1024,116.928
256,2048,16,2048,149.886
256,2048,32,16,90.527
256,2048,32,32,90.687
256,2048,32,64,91.039
256,2048,32,128,98.431
256,2048,32,256,106.56
256,2048,32,512,123.136
256,2048,32,1024,154.529
256,2048,32,2048,216.607
512,0,0,0,22.208
512,0,1,16,22.529
512,0,1,32,22.528
512,0,1,64,22.4
512,0,1,128,22.528
512,0,1,256,22.592
512,0,1,512,25.727
512,0,1,1024,42.432
512,0,1,2048,75.904
512,0,2,16,22.528
512,0,2,32,22.752
512,0,2,64,22.688
512,0,2,128,22.463
512,0,2,256,22.528
512,0,2,512,25.984
512,0,2,1024,42.048
512,0,2,2048,74.655
512,0,4,16,23.391
512,0,4,32,23.104
512,0,4,64,23.072
512,0,4,128,23.04
512,0,4,256,23.105
512,0,4,512,26.751
512,0,4,1024,42.912
512,0,4,2048,75.425
512,0,8,16,25.248
512,0,8,32,25.248
512,0,8,64,25.12
512,0,8,128,25.152
512,0,8,256,25.216
512,0,8,512,33.024
512,0,8,1024,49.12
512,0,8,2048,82.143
512,0,16,16,30.432
512,0,16,32,30.592
512,0,16,64,30.622
512,0,16,128,33.504
512,0,16,256,37.119
512,0,16,512,49.311
512,0,16,1024,80.703
512,0,16,2048,118.591
512,0,32,16,38.656
512,0,32,32,38.624
512,0,32,64,38.912
512,0,32,128,44.833
512,0,32,256,52.064
512,0,32,512,72.575
512,0,32,1024,118.751
512,0,32,2048,183.998
512,16,0,0,26.08
512,16,1,16,26.208
512,16,1,32,26.304
512,16,1,64,26.272
512,16,1,128,26.304
512,16,1,256,26.4
512,16,1,512,26.368
512,16,1,1024,42.463
512,16,1,2048,75.967
512,16,2,16,26.495
512,16,2,32,26.4
512,16,2,64,26.176
512,16,2,128,26.464
512,16,2,256,26.368
512,16,2,512,26.464
512,16,2,1024,41.887
512,16,2,2048,74.752
512,16,4,16,26.625
512,16,4,32,27.168
512,16,4,64,26.816
512,16,4,128,26.848
512,16,4,256,26.815
512,16,4,512,26.848
512,16,4,1024,42.591
512,16,4,2048,75.199
512,16,8,16,28.769
512,16,8,32,28.992
512,16,8,64,28.895
512,16,8,128,28.993
512,16,8,256,29.024
512,16,8,512,33.312
512,16,8,1024,49.248
512,16,8,2048,81.184
512,16,16,16,34.336
512,16,16,32,34.08
512,16,16,64,34.592
512,16,16,128,37.663
512,16,16,256,41.312
512,16,16,512,49.311
512,16,16,1024,80.639
512,16,16,2048,123.201
512,16,32,16,42.56
512,16,32,32,42.719
512,16,32,64,43.104
512,16,32,128,49.311
512,16,32,256,56.063
512,16,32,512,73.952
512,16,32,1024,119.072
512,16,32,2048,188.957
512,32,0,0,26.079
512,32,1,16,26.56
512,32,1,32,26.527
512,32,1,64,26.464
512,32,1,128,26.431
512,32,1,256,26.496
512,32,1,512,26.4
512,32,1,1024,42.559
512,32,1,2048,75.84
512,32,2,16,26.432
512,32,2,32,26.176
512,32,2,64,26.4
512,32,2,128,26.496
512,32,2,256,26.433
512,32,2,512,26.208
512,32,2,1024,42.334
512,32,2,2048,74.783
512,32,4,16,26.848
512,32,4,32,26.784
512,32,4,64,26.847
512,32,4,128,27.104
512,32,4,256,27.04
512,32,4,512,26.879
512,32,4,1024,42.592
512,32,4,2048,75.167
512,32,8,16,28.992
512,32,8,32,28.991
512,32,8,64,29.152
512,32,8,128,29.12
512,32,8,256,29.088
512,32,8,512,33.568
512,32,8,1024,49.534
512,32,8,2048,82.048
512,32,16,16,34.272
512,32,16,32,34.303
512,32,16,64,34.431
512,32,16,128,37.983
512,32,16,256,41.664
512,32,16,512,49.216
512,32,16,1024,81.215
512,32,16,2048,122.911
512,32,32,16,42.879
512,32,32,32,42.72
512,32,32,64,43.007
512,32,32,128,49.056
512,32,32,256,56.255
512,32,32,512,73.535
512,32,32,1024,119.103
512,32,32,2048,186.911
512,64,0,0,26.08
512,64,1,16,26.4
512,64,1,32,26.463
512,64,1,64,26.528
512,64,1,128,26.431
512,64,1,256,26.496
512,64,1,512,26.495
512,64,1,1024,42.463
512,64,1,2048,76.064
512,64,2,16,26.304
512,64,2,32,26.497
512,64,2,64,26.4
512,64,2,128,26.559
512,64,2,256,26.4
512,64,2,512,26.368
512,64,2,1024,41.984
512,64,2,2048,74.656
512,64,4,16,26.848
512,64,4,32,26.719
512,64,4,64,26.848
512,64,4,128,26.848
512,64,4,256,27.232
512,64,4,512,26.848
512,64,4,1024,42.655
512,64,4,2048,75.135
512,64,8,16,29.088
512,64,8,32,28.897
512,64,8,64,29.056
512,64,8,128,29.056
512,64,8,256,29.152
512,64,8,512,33.504
512,64,8,1024,49.344
512,64,8,2048,81.537
512,64,16,16,34.304
512,64,16,32,34.4
512,64,16,64,34.527
512,64,16,128,38.047
512,64,16,256,41.696
512,64,16,512,49.247
512,64,16,1024,80.415
512,64,16,2048,122.815
512,64,32,16,42.783
512,64,32,32,42.976
512,64,32,64,43.104
512,64,32,128,49.28
512,64,32,256,56.256
512,64,32,512,74.014
512,64,32,1024,119.871
512,64,32,2048,189.598
512,128,0,0,26.4
512,128,1,16,26.688
512,128,1,32,26.688
512,128,1,64,26.688
512,128,1,128,26.432
512,128,1,256,26.721
512,128,1,512,26.688
512,128,1,1024,42.368
512,128,1,2048,76
512,128,2,16,26.655
512,128,2,32,26.719
512,128,2,64,26.656
512,128,2,128,26.72
512,128,2,256,26.624
512,128,2,512,26.496
512,128,2,1024,42.304
512,128,2,2048,74.72
512,128,4,16,27.008
512,128,4,32,26.976
512,128,4,64,26.91
512,128,4,128,27.008
512,128,4,256,27.007
512,128,4,512,27.232
512,128,4,1024,42.88
512,128,4,2048,75.52
512,128,8,16,29.056
512,128,8,32,29.183
512,128,8,64,29.12
512,128,8,128,29.184
512,128,8,256,29.728
512,128,8,512,35.614
512,128,8,1024,52.031
512,128,8,2048,84.223
512,128,16,16,34.784
512,128,16,32,34.816
512,128,16,64,34.912
512,128,16,128,38.623
512,128,16,256,42.239
512,128,16,512,49.375
512,128,16,1024,81.503
512,128,16,2048,127.263
512,128,32,16,43.808
512,128,32,32,43.648
512,128,32,64,43.871
512,128,32,128,50.111
512,128,32,256,57.184
512,128,32,512,74.175
512,128,32,1024,120.319
512,128,32,2048,192.383
512,256,0,0,30.431
512,256,1,16,30.752
512,256,1,32,30.879
512,256,1,64,30.976
512,256,1,128,30.72
512,256,1,256,31.168
512,256,1,512,30.975
512,256,1,1024,42.495
512,256,1,2048,76.191
512,256,2,16,30.752
512,256,2,32,30.783
512,256,2,64,30.817
512,256,2,128,30.72
512,256,2,256,30.656
512,256,2,512,30.719
512,256,2,1024,42.016
512,256,2,2048,74.912
512,256,4,16,31.232
512,256,4,32,31.007
512,256,4,64,31.263
512,256,4,128,31.136
512,256,4,256,31.007
512,256,4,512,31.232
512,256,4,1024,42.848
512,256,4,2048,75.135
512,256,8,16,33.281
512,256,8,32,33.248
512,256,8,64,33.248
512,256,8,128,33.44
512,256,8,256,33.537
512,256,8,512,35.712
512,256,8,1024,51.808
512,256,8,2048,84.576
512,256,16,16,38.816
512,256,16,32,38.752
512,256,16,64,39.263
512,256,16,128,42.912
512,256,16,256,47.424
512,256,16,512,53.568
512,256,16,1024,81.887
512,256,16,2048,136.832
512,256,32,16,48.159
512,256,32,32,48.224
512,256,32,64,48.512
512,256,32,128,55.104
512,256,32,256,62.496
512,256,32,512,76.831
512,256,32,1024,120.895
512,256,32,2048,200.704
512,512,0,0,38.752
512,512,1,16,39.007
512,512,1,32,38.751
512,512,1,64,38.816
512,512,1,128,38.88
512,512,1,256,38.719
512,512,1,512,39.072
512,512,1,1024,42.75
512,512,1,2048,76.159
512,512,2,16,38.655
512,512,2,32,38.654
512,512,2,64,38.752
512,512,2,128,38.72
512,512,2,256,38.847
512,512,2,512,39.136
512,512,2,1024,42.272
512,512,2,2048,74.943
512,512,4,16,39.456
512,512,4,32,39.233
512,512,4,64,39.551
512,512,4,128,39.776
512,512,4,256,39.2
512,512,4,512,39.808
512,512,4,1024,43.296
512,512,4,2048,75.456
512,512,8,16,41.152
512,512,8,32,41.376
512,512,8,64,41.28
512,512,8,128,41.217
512,512,8,256,42.368
512,512,8,512,41.824
512,512,8,1024,52.673
512,512,8,2048,84.638
512,512,16,16,47.072
512,512,16,32,46.848
512,512,16,64,46.976
512,512,16,128,50.977
512,512,16,256,55.264
512,512,16,512,63.615
512,512,16,1024,82.368
512,512,16,2048,145.31
512,512,32,16,56.672
512,512,32,32,57.151
512,512,32,64,57.151
512,512,32,128,64.64
512,512,32,256,71.999
512,512,32,512,86.239
512,512,32,1024,121.599
512,512,32,2048,214.91
512,1024,0,0,54.88
512,1024,1,16,55.008
512,1024,1,32,55.392
512,1024,1,64,55.519
512,1024,1,128,55.103
512,1024,1,256,55.488
512,1024,1,512,55.392
512,1024,1,1024,54.912
512,1024,1,2048,76.16
512,1024,2,16,54.946
512,1024,2,32,55.072
512,1024,2,64,54.688
512,1024,2,128,54.911
512,1024,2,256,55.072
512,1024,2,512,55.295
512,1024,2,1024,55.2
512,1024,2,2048,75.167
512,1024,4,16,55.296
512,1024,4,32,55.103
512,1024,4,64,55.552
512,1024,4,128,55.456
512,1024,4,256,55.744
512,1024,4,512,55.936
512,1024,4,1024,55.488
512,1024,4,2048,75.904
512,1024,8,16,57.313
512,1024,8,32,57.503
512,1024,8,64,57.472
512,1024,8,128,57.983
512,1024,8,256,58.336
512,1024,8,512,58.4
512,1024,8,1024,59.231
512,1024,8,2048,85.119
512,1024,16,16,62.687
512,1024,16,32,63.135
512,1024,16,64,63.104
512,1024,16,128,67.967
512,1024,16,256,71.008
512,1024,16,512,80.096
512,1024,16,1024,96.095
512,1024,16,2048,146.751
512,1024,32,16,72.959
512,1024,32,32,73.087
512,1024,32,64,73.344
512,1024,32,128,81.6
512,1024,32,256,89.504
512,1024,32,512,103.711
512,1024,32,1024,134.943
512,1024,32,2048,217.375
512,2048,0,0,86.72
512,2048,1,16,87.743
512,2048,1,32,87.072
512,2048,1,64,87.168
512,2048,1,128,87.328
512,2048,1,256,87.456
512,2048,1,512,87.454
512,2048,1,1024,87.519
512,2048,1,2048,87.295
512,2048,2,16,86.814
512,2048,2,32,86.976
512,2048,2,64,86.879
512,2048,2,128,87.2
512,2048,2,256,87.775
512,2048,2,512,87.039
512,2048,2,1024,86.943
512,2048,2,2048,87.199
512,2048,4,16,87.04
512,2048,4,32,87.518
512,2048,4,64,87.103
512,2048,4,128,87.487
512,2048,4,256,87.326
512,2048,4,512,87.679
512,2048,4,1024,88.031
512,2048,4,2048,87.519
512,2048,8,16,89.183
512,2048,8,32,89.023
512,2048,8,64,89.567
512,2048,8,128,89.823
512,2048,8,256,89.791
512,2048,8,512,90.431
512,2048,8,1024,89.855
512,2048,8,2048,91.007
512,2048,16,16,94.912
512,2048,16,32,95.775
512,2048,16,64,95.006
512,2048,16,128,99.103
512,2048,16,256,103.518
512,2048,16,512,111.135
512,2048,16,1024,128.191
512,2048,16,2048,160.734
512,2048,32,16,104.767
512,2048,32,32,105.055
512,2048,32,64,104.926
512,2048,32,128,112.799
512,2048,32,256,121.887
512,2048,32,512,137.568
512,2048,32,1024,168.415
512,2048,32,2048,231.775
1024,0,0,0,40.031
1024,0,1,16,45.727
1024,0,1,32,45.984
1024,0,1,64,45.984
1024,0,1,128,46.27
1024,0,1,256,46.784
1024,0,1,512,46.272
1024,0,1,1024,49.6
1024,0,1,2048,82.143
1024,0,2,16,45.695
1024,0,2,32,45.44
1024,0,2,64,45.568
1024,0,2,128,47.072
1024,0,2,256,46.816
1024,0,2,512,46.624
1024,0,2,1024,53.472
1024,0,2,2048,85.439
1024,0,4,16,46.976
1024,0,4,32,46.464
1024,0,4,64,46.656
1024,0,4,128,49.567
1024,0,4,256,52.128
1024,0,4,512,52.864
1024,0,4,1024,58.719
1024,0,4,2048,90.622
1024,0,8,16,50.72
1024,0,8,32,50.911
1024,0,8,64,50.976
1024,0,8,128,53.056
1024,0,8,256,56.159
1024,0,8,512,62.175
1024,0,8,1024,72.383
1024,0,8,2048,103.84
1024,0,16,16,58.24
1024,0,16,32,58.144
1024,0,16,64,58.081
1024,0,16,128,62.881
1024,0,16,256,66.112
1024,0,16,512,70.558
1024,0,16,1024,88.511
1024,0,16,2048,148.479
1024,0,32,16,70.176
1024,0,32,32,70.368
1024,0,32,64,70.752
1024,0,32,128,76.799
1024,0,32,256,83.36
1024,0,32,512,94.784
1024,0,32,1024,132.544
1024,0,32,2048,219.839
1024,16,0,0,43.775
1024,16,1,16,49.632
1024,16,1,32,49.056
1024,16,1,64,49.056
1024,16,1,128,50.015
1024,16,1,256,50.08
1024,16,1,512,50.143
1024,16,1,1024,49.888
1024,16,1,2048,82.079
1024,16,2,16,49.952
1024,16,2,32,49.407
1024,16,2,64,49.663
1024,16,2,128,52.896
1024,16,2,256,53.216
1024,16,2,512,53.567
1024,16,2,1024,54.366
1024,16,2,2048,85.759
1024,16,4,16,50.912
1024,16,4,32,51.263
1024,16,4,64,50.75
1024,16,4,128,53.568
1024,16,4,256,56.512
1024,16,4,512,58.335
1024,16,4,1024,61.312
1024,16,4,2048,92.928
1024,16,8,16,55.263
1024,16,8,32,55.104
1024,16,8,64,55.712
1024,16,8,128,57.951
1024,16,8,256,60.16
1024,16,8,512,66.912
1024,16,8,1024,74.911
1024,16,8,2048,107.008
1024,16,16,16,62.847
1024,16,16,32,62.847
1024,16,16,64,62.879
1024,16,16,128,67.103
1024,16,16,256,70.815
1024,16,16,512,75.103
1024,16,16,1024,90.143
1024,16,16,2048,149.087
1024,16,32,16,74.399
1024,16,32,32,75.296
1024,16,32,64,75.359
1024,16,32,128,82.111
1024,16,32,256,88.864
1024,16,32,512,100.896
1024,16,32,1024,132.831
1024,16,32,2048,220.831
1024,32,0,0,43.392
1024,32,1,16,49.375
1024,32,1,32,49.696
1024,32,1,64,49.6
1024,32,1,128,50.303
1024,32,1,256,50.496
1024,32,1,512,50.559
1024,32,1,1024,50.464
1024,32,1,2048,81.983
1024,32,2,16,49.535
1024,32,2,32,50.335
1024,32,2,64,49.6
1024,32,2,128,52.512
1024,32,2,256,53.28
1024,32,2,512,53.183
1024,32,2,1024,54.272
1024,32,2,2048,86.143
1024,32,4,16,50.784
1024,32,4,32,50.975
1024,32,4,64,51.582
1024,32,4,128,53.439
1024,32,4,256,56.96
1024,32,4,512,57.535
1024,32,4,1024,61.472
1024,32,4,2048,93.247
1024,32,8,16,55.328
1024,32,8,32,55.264
1024,32,8,64,55.552
1024,32,8,128,57.44
1024,32,8,256,61.184
1024,32,8,512,66.56
1024,32,8,1024,75.135
1024,32,8,2048,106.655
1024,32,16,16,62.592
1024,32,16,32,62.527
1024,32,16,64,63.103
1024,32,16,128,66.847
1024,32,16,256,70.974
1024,32,16,512,75.359
1024,32,16,1024,89.727
1024,32,16,2048,149.311
1024,32,32,16,75.423
1024,32,32,32,74.976
1024,32,32,64,75.456
1024,32,32,128,82.24
1024,32,32,256,88.959
1024,32,32,512,99.967
1024,32,32,1024,133.887
1024,32,32,2048,221.918
1024,64,0,0,43.808
1024,64,1,16,48.928
1024,64,1,32,49.663
1024,64,1,64,49.472
1024,64,1,128,50.208
1024,64,1,256,50.111
1024,64,1,512,50.751
1024,64,1,1024,50.625
1024,64,1,2048,82.047
1024,64,2,16,49.472
1024,64,2,32,49.28
1024,64,2,64,50.336
1024,64,2,128,53.312
1024,64,2,256,53.696
1024,64,2,512,54.175
1024,64,2,1024,55.327
1024,64,2,2048,86.111
1024,64,4,16,51.072
1024,64,4,32,51.104
1024,64,4,64,50.943
1024,64,4,128,54.464
1024,64,4,256,56.672
1024,64,4,512,57.504
1024,64,4,1024,60.864
1024,64,4,2048,92.672
1024,64,8,16,55.393
1024,64,8,32,56.287
1024,64,8,64,56.031
1024,64,8,128,57.696
1024,64,8,256,60.095
1024,64,8,512,66.143
1024,64,8,1024,74.336
1024,64,8,2048,106.815
1024,64,16,16,62.848
1024,64,16,32,62.848
1024,64,16,64,62.815
1024,64,16,128,67.2
1024,64,16,256,71.264
1024,64,16,512,75.552
1024,64,16,1024,90.015
1024,64,16,2048,148.863
1024,64,32,16,75.359
1024,64,32,32,75.296
1024,64,32,64,75.68
1024,64,32,128,82.816
1024,64,32,256,88.543
1024,64,32,512,100.735
1024,64,32,1024,133.567
1024,64,32,2048,221.053
1024,128,0,0,45.055
1024,128,1,16,50.719
1024,128,1,32,49.856
1024,128,1,64,50.591
1024,128,1,128,54.272
1024,128,1,256,54.718
1024,128,1,512,54.88
1024,128,1,1024,54.59
1024,128,1,2048,86.334
1024,128,2,16,51.68
1024,128,2,32,51.968
1024,128,2,64,52.032
1024,128,2,128,53.983
1024,128,2,256,55.04
1024,128,2,512,55.68
1024,128,2,1024,57.056
1024,128,2,2048,90.079
1024,128,4,16,53.088
1024,128,4,32,52.799
1024,128,4,64,53.216
1024,128,4,128,55.136
1024,128,4,256,58.144
1024,128,4,512,60.608
1024,128,4,1024,63.712
1024,128,4,2048,95.199
1024,128,8,16,57.471
1024,128,8,32,57.28
1024,128,8,64,57.056
1024,128,8,128,58.719
1024,128,8,256,61.409
1024,128,8,512,67.392
1024,128,8,1024,77.408
1024,128,8,2048,109.119
1024,128,16,16,64.512
1024,128,16,32,64.384
1024,128,16,64,65.088
1024,128,16,128,69.089
1024,128,16,256,72.96
1024,128,16,512,77.663
1024,128,16,1024,91.648
1024,128,16,2048,148.703
1024,128,32,16,76.928
1024,128,32,32,76.992
1024,128,32,64,77.216
1024,128,32,128,83.584
1024,128,32,256,91.008
1024,128,32,512,103.008
1024,128,32,1024,134.592
1024,128,32,2048,223.134
1024,256,0,0,48.864
1024,256,1,16,54.272
1024,256,1,32,55.199
1024,256,1,64,54.559
1024,256,1,128,57.856
1024,256,1,256,62.528
1024,256,1,512,63.104
1024,256,1,1024,62.719
1024,256,1,2048,89.887
1024,256,2,16,55.679
1024,256,2,32,56.161
1024,256,2,64,55.616
1024,256,2,128,60.287
1024,256,2,256,61.759
1024,256,2,512,63.552
1024,256,2,1024,63.199
1024,256,2,2048,93.855
1024,256,4,16,60.479
1024,256,4,32,60.576
1024,256,4,64,60.383
1024,256,4,128,61.119
1024,256,4,256,63.807
1024,256,4,512,68.543
1024,256,4,1024,69.6
1024,256,4,2048,99.327
1024,256,8,16,62.496
1024,256,8,32,62.559
1024,256,8,64,62.815
1024,256,8,128,66.208
1024,256,8,256,67.264
1024,256,8,512,72.127
1024,256,8,1024,81.087
1024,256,8,2048,113.471
1024,256,16,16,70.144
1024,256,16,32,70.496
1024,256,16,64,70.879
1024,256,16,128,75.423
1024,256,16,256,79.999
1024,256,16,512,84.191
1024,256,16,1024,94.783
1024,256,16,2048,149.47
1024,256,32,16,83.135
1024,256,32,32,83.36
1024,256,32,64,83.392
1024,256,32,128,90.561
1024,256,32,256,96.96
1024,256,32,512,109.599
1024,256,32,1024,139.424
1024,256,32,2048,223.71
1024,512,0,0,56.801
1024,512,1,16,63.007
1024,512,1,32,63.263
1024,512,1,64,63.615
1024,512,1,128,66.368
1024,512,1,256,70.847
1024,512,1,512,79.935
1024,512,1,1024,79.584
1024,512,1,2048,98.719
1024,512,2,16,65.024
1024,512,2,32,64.737
1024,512,2,64,64.609
1024,512,2,128,68.735
1024,512,2,256,72.48
1024,512,2,512,77.823
1024,512,2,1024,79.424
1024,512,2,2048,102.207
1024,512,4,16,68.801
1024,512,4,32,69.47
1024,512,4,64,69.632
1024,512,4,128,76.416
1024,512,4,256,77.31
1024,512,4,512,79.648
1024,512,4,1024,84.48
1024,512,4,2048,107.231
1024,512,8,16,76.127
1024,512,8,32,75.839
1024,512,8,64,76.063
1024,512,8,128,78.369
1024,512,8,256,81.696
1024,512,8,512,83.326
1024,512,8,1024,94.463
1024,512,8,2048,122.399
1024,512,16,16,82.656
1024,512,16,32,82.368
1024,512,16,64,82.849
1024,512,16,128,87.2
1024,512,16,256,92.287
1024,512,16,512,99.935
1024,512,16,1024,103.872
1024,512,16,2048,153.279
1024,512,32,16,95.712
1024,512,32,32,96.224
1024,512,32,64,96.48
1024,512,32,128,102.656
1024,512,32,256,110.047
1024,512,32,512,123.839
1024,512,32,1024,149.694
1024,512,32,2048,228.383
1024,1024,0,0,73.375
1024,1024,1,16,79.455
1024,1024,1,32,78.911
1024,1024,1,64,79.999
1024,1024,1,128,83.103
1024,1024,1,256,86.879
1024,1024,1,512,96.127
1024,1024,1,1024,111.934
1024,1024,1,2048,115.103
1024,1024,2,16,81.151
1024,1024,2,32,80.799
1024,1024,2,64,80.801
1024,1024,2,128,84.543
1024,1024,2,256,88.063
1024,1024,2,512,96.897
1024,1024,2,1024,110.239
1024,1024,2,2048,117.695
1024,1024,4,16,85.215
1024,1024,4,32,85.728
1024,1024,4,64,85.888
1024,1024,4,128,92.896
1024,1024,4,256,101.215
1024,1024,4,512,109.183
1024,1024,4,1024,111.967
1024,1024,4,2048,124.607
1024,1024,8,16,93.023
1024,1024,8,32,91.84
1024,1024,8,64,92.031
1024,1024,8,128,103.04
1024,1024,8,256,109.503
1024,1024,8,512,113.728
1024,1024,8,1024,116.831
1024,1024,8,2048,138.592
1024,1024,16,16,105.569
1024,1024,16,32,105.759
1024,1024,16,64,106.88
1024,1024,16,128,113.536
1024,1024,16,256,117.375
1024,1024,16,512,123.935
1024,1024,16,1024,132.287
1024,1024,16,2048,164.062
1024,1024,32,16,120.798
1024,1024,32,32,120.512
1024,1024,32,64,121.951
1024,1024,32,128,129.535
1024,1024,32,256,135.486
1024,1024,32,512,149.599
1024,1024,32,1024,173.055
1024,1024,32,2048,241.023
1024,2048,0,0,106.4
1024,2048,1,16,111.807
1024,2048,1,32,112.03
1024,2048,1,64,111.263
1024,2048,1,128,115.103
1024,2048,1,256,119.455
1024,2048,1,512,127.713
1024,2048,1,1024,143.582
1024,2048,1,2048,174.334
1024,2048,2,16,112.607
1024,2048,2,32,113.599
1024,2048,2,64,112.223
1024,2048,2,128,116.095
1024,2048,2,256,120.607
1024,2048,2,512,128.864
1024,2048,2,1024,144.029
1024,2048,2,2048,175.421
1024,2048,4,16,117.951
1024,2048,4,32,116.895
1024,2048,4,64,117.918
1024,2048,4,128,125.535
1024,2048,4,256,132.927
1024,2048,4,512,149.247
1024,2048,4,1024,173.919
1024,2048,4,2048,176.351
1024,2048,8,16,123.743
1024,2048,8,32,123.871
1024,2048,8,64,125.088
1024,2048,8,128,134.847
1024,2048,8,256,146.431
1024,2048,8,512,166.463
1024,2048,8,1024,176.927
1024,2048,8,2048,180.638
1024,2048,16,16,138.495
1024,2048,16,32,138.656
1024,2048,16,64,138.622
1024,2048,16,128,153.982
1024,2048,16,256,169.216
1024,2048,16,512,179.198
1024,2048,16,1024,186.111
1024,2048,16,2048,195.774
1024,2048,32,16,165.054
1024,2048,32,32,165.983
1024,2048,32,64,166.624
1024,2048,32,128,180.192
1024,2048,32,256,188.415
1024,2048,32,512,202.431
1024,2048,32,1024,230.143
1024,2048,32,2048,284.509
